{
    "BM25": {
        "RR@10": 0.8771666666666667,
        "nDCG@10": 0.6232562560098154,
        "AP@100": 0.07753780503920846,
        "mrt": 23.287645999999995,
        "R@10": 0.015294662419382196,
        "R@25": 0.036682995605850977,
        "R@50": 0.06653023444787304
    },
    "BM25 >> TCT-ColBERT % 100": {
        "RR@10": 0.8723333333333333,
        "nDCG@10": 0.6581198462431217,
        "AP@100": 0.08256267709656433,
        "mrt": 136.25093399999997,
        "R@10": 0.01668701370151435,
        "R@25": 0.04014169672796999,
        "R@50": 0.07077405961488768
    },
    "BM25 >> SBERT % 100": {
        "RR@10": 0.9031666666666667,
        "nDCG@10": 0.6376308886080846,
        "AP@100": 0.0782365961932248,
        "mrt": 218.23823799999982,
        "R@10": 0.015657925280683188,
        "R@25": 0.03728089610500617,
        "R@50": 0.06651949123001659
    },
    "BM25 >> MonoT5 % 100": {
        "RR@10": 0.8666666666666667,
        "nDCG@10": 0.7222497206448882,
        "AP@100": 0.08524993723483877,
        "mrt": 973.3693499999998,
        "R@10": 0.01760114608846376,
        "R@25": 0.0420706396061764,
        "R@50": 0.07358940537448713
    },
    "BM25 >> TasB % 100": {
        "RR@10": 0.8736666666666667,
        "nDCG@10": 0.6814911257012192,
        "AP@100": 0.08415518025547158,
        "mrt": 389.935658,
        "R@10": 0.01751884283006807,
        "R@25": 0.04070764558311013,
        "R@50": 0.07260853003831741
    }
}