{
    "BM25": {
        "RR@10": 0.8771666666666667,
        "nDCG@10": 0.6232562560098154,
        "AP@100": 0.07753780503920846,
        "mrt": 24.533413999999993,
        "R@10": 0.015294662419382196,
        "R@25": 0.036682995605850977,
        "R@50": 0.06653023444787304
    },
    "BM25 >> TCT-ColBERT % 100": {
        "RR@10": 0.8723333333333333,
        "nDCG@10": 0.6581198462431217,
        "AP@100": 0.08256267709656433,
        "mrt": 133.21808799999985,
        "R@10": 0.01668701370151435,
        "R@25": 0.04014169672796999,
        "R@50": 0.07077405961488768
    },
    "BM25 >> MINILM % 100": {
        "RR@10": 0.9031666666666667,
        "nDCG@10": 0.6501256569707335,
        "AP@100": 0.07999800754011989,
        "mrt": 106.34471199999979,
        "R@10": 0.016037958555397438,
        "R@25": 0.038311031408375655,
        "R@50": 0.06884129549509219
    },
    "BM25 >> MonoT5 % 100": {
        "RR@10": 0.8666666666666667,
        "nDCG@10": 0.7222497206448882,
        "AP@100": 0.08524993723483877,
        "mrt": 966.7601299999998,
        "R@10": 0.01760114608846376,
        "R@25": 0.0420706396061764,
        "R@50": 0.07358940537448713
    },
    "BM25 >> TasB % 100": {
        "RR@10": 0.8736666666666667,
        "nDCG@10": 0.6814911257012192,
        "AP@100": 0.08415518025547158,
        "mrt": 385.89673599999963,
        "R@10": 0.01751884283006807,
        "R@25": 0.04070764558311013,
        "R@50": 0.07260853003831741
    }
}