{
    "BM25": {
        "RR@10": 0.8088888888888889,
        "nDCG@10": 0.6018465293180778,
        "AP@100": 0.07607961158827084,
        "mrt": 21.575595999999955,
        "R@10": 0.01572281300430291,
        "R@25": 0.034645331997932995,
        "R@50": 0.06267221438035256
    },
    "BM25 >> TCT-ColBERT % 100": {
        "RR@10": 0.7818333333333334,
        "nDCG@10": 0.5515145907857449,
        "AP@100": 0.0753623773279273,
        "mrt": 131.015286,
        "R@10": 0.01436764049998087,
        "R@25": 0.034219840368282066,
        "R@50": 0.0629558539450324
    },
    "BM25 >> MINILM % 100": {
        "RR@10": 0.8088888888888889,
        "nDCG@10": 0.6140094597018864,
        "AP@100": 0.07765482913276994,
        "mrt": 99.55025200000001,
        "R@10": 0.01609875674113652,
        "R@25": 0.035458312387848794,
        "R@50": 0.06359200024137897
    },
    "BM25 >> MonoT5 % 100": {
        "RR@10": 0.8563333333333333,
        "nDCG@10": 0.6714585491467961,
        "AP@100": 0.0824268932166892,
        "mrt": 888.6038580000001,
        "R@10": 0.017692323990035647,
        "R@25": 0.03874411454117785,
        "R@50": 0.06719166288027602
    },
    "BM25 >> TasB % 100": {
        "RR@10": 0.7811904761904762,
        "nDCG@10": 0.5924310452554629,
        "AP@100": 0.07766658317556226,
        "mrt": 367.6267819999998,
        "R@10": 0.015529820179179749,
        "R@25": 0.035624037525415875,
        "R@50": 0.06454626010538737
    }
}