{
    "BM25": {
        "RR@10": 0.7241666666666666,
        "nDCG@10": 0.5186811088160644,
        "AP@100": 0.060577190658186,
        "mrt": 28.097226000000433,
        "R@10": 0.013039529017374922,
        "R@25": 0.02914762303651015,
        "R@50": 0.052919042639358246
    },
    "BM25 >> TCT-ColBERT % 100": {
        "RR@10": 0.8183333333333332,
        "nDCG@10": 0.5831706018108275,
        "AP@100": 0.06321823777053714,
        "mrt": 137.5471140000002,
        "R@10": 0.01333337361627104,
        "R@25": 0.030902057804686304,
        "R@50": 0.055923558235116175
    },
    "BM25 >> MINILM % 100": {
        "RR@10": 0.7365238095238095,
        "nDCG@10": 0.5285198545235492,
        "AP@100": 0.0624558523251282,
        "mrt": 112.58874000000048,
        "R@10": 0.013295805474798352,
        "R@25": 0.030354282048536466,
        "R@50": 0.055537215034768196
    },
    "BM25 >> MonoT5 % 100": {
        "RR@10": 0.8613333333333333,
        "nDCG@10": 0.6065628523343232,
        "AP@100": 0.0665454276931458,
        "mrt": 1043.9730500000003,
        "R@10": 0.014771075784553677,
        "R@25": 0.03220148168057227,
        "R@50": 0.05920866341368867
    },
    "BM25 >> TasB % 100": {
        "RR@10": 0.7716666666666666,
        "nDCG@10": 0.5900336212887691,
        "AP@100": 0.06528880101595975,
        "mrt": 399.8221840000002,
        "R@10": 0.015224791229385552,
        "R@25": 0.03273177743166627,
        "R@50": 0.05704756347091353
    }
}