,name,RR@10,nDCG@10,AP@100
0,BM25,0.8771666666666667,0.6232562560098154,0.07827282164769303
1,BM25 >> TCT-ColBERT,0.9472222222222223,0.7499847052539037,0.0888527473016848
