,name,RR@10,nDCG@10,AP@100
0,BM25,0.8771666666666667,0.6232562560098154,0.07827282164769303
1,BM25 >> TCT-ColBERT,0.9570000000000001,0.7771749168381212,0.08973841846738509
